<web-app>  
  
<servlet>  
<servlet-name>cdac</servlet-name>  
<servlet-class>DemoServlet</servlet-class>  
</servlet>  
  
<context-param>  
<param-name>dname</param-name>  
<param-value>sun.jdbc.odbc.JdbcOdbcDriver</param-value>  
</context-param>  
  
<context-param>  
<param-name>username</param-name>  
<param-value>system</param-value>  
</context-param>  
  
<context-param>  
<param-name>password</param-name>  
<param-value>oracle</param-value>  
</context-param>  
  
<servlet-mapping>  
<servlet-name>cdac</servlet-name>  
<url-pattern>/context</url-pattern>  
</servlet-mapping>  
  
</web-app>
